GEORGE V 1,11,1666,75108
UGC NORMANDIE 1,4,1610,75108
BALZAC 1,3,590,75108
GAUMONT CHAMPS ELYSEES AMBASSADE 6,7,1568,75108
GAUMONT CHAMPS ELYSEES MARIGNAN 3,6,1701,75108
ELYSEES LINCOLN 1,3,448,75108
GAUMONT OPERA 2,7,2185,75109
GAUMONT OPERA FRANCAIS 8,5,994,75109
UGC OPERA 1,4,760,75109
MAX LINDER,1,591,75109
GRAND REX,7,4274,75102
GAUMONT OPERA PREMIER 1,6,1138,75102
BIENVENUE MONTPARNASSE 2,2,559,75115
UGC MONTPARNASSE 1,7,1592,75106
GAUMONT PARNASSE 1,15,2876,75114
ENTREPOT 1,3,250,75114
MK2 BEAUBOURG 1,6,558,75103
UGC MAILLOT 3,4,764,75117
MK2 HAUTEFEUILLE 1,4,690,75106
MK2 ODEON 2,5,815,75106
STUDIO GALANDE,1,97,75105
LUXEMBOURG 1,3,334,75106
SAINT ANDRE  DES ARTS 1,3,510,75106
MK2 PARNASSE 1,3,284,75106
UGC ROTONDE 1,3,454,75106
BRETAGNE 1,2,1020,75106
LUCERNAIRE FORUM  GRANDE SAL,3,171,75106
PARNASSIEN 1,7,842,75114
LA PAGODE 1,2,392,75107
STUDIO CHRISTINE 1,2,245,75106
ST GERMAIN DES PRES,1,252,75106
PUBLICIS  CINEMA 2,2,609,75108
BEVERLEY,1,100,75102
L'ARCHIPEL 1,2,204,75110
LE BRADY 1,2,139,75110
FORUM ORIENT EXPRESS 1,7,696,75101
UGC CINE CITE LES HALLES 1,19,3213,75101
LATINA 1,2,238,75104
MAJESTIC PASSY 1,3,637,75116
MAC MAHON,1,137,75117
CAUMARTIN 4 (EX CINEVOG 4 ),5,501,75109
SAINT LAZARE PASQUIER 1,3,331,75108
LE CINEMA DES CINEASTES 1,3,478,75117
PATHE WEPLER 8,12,2173,75118
STUDIO 28,1,172,75118
LA GEODE,1,400,75119
BORIS VIAN,1,287,75119
MK2 QUAI DE SEINE 1,6,992,75119
MK2 GAMBETTA 1,6,1238,75120
LA BASTILLE 1,3,483,75111
MAJESTIC BASTILLE 1,2,356,75111
MK2 BASTILLE 1,4,468,75111
MK2 NATION 1,4,976,75112
UGC LYON BASTILLE 3,7,1274,75112
UGC CINE CITE BERCY 10,18,4440,75112
 CHAPLIN  SAINT LAMBERT 1,3,365,75115
GAUMONT CONVENTION 2,6,1078,75115
GAUMONT AQUABOULEVARD 1,14,2583,75115
MONTPARNOS 1,4,356,75114
GAUMONT ALESIA 1,7,1435,75114
MISTRAL 2,5,870,75114
 CHAPLIN DENFERT,1,133,75114
L'ARLEQUIN PANORAMA,3,595,75106
UGC DANTON 1,4,684,75106
NOUVEL ODEON,1,119,75106
UGC ODEON 2,4,816,75106
ESPACE SAINT MICHEL 1,2,210,75105
LE DESPERADO 1,2,200,75105
LE CINEMA DU PANTHEON,1,200,75105
ACCATONE,1,146,75105
LE CHAMPO SALLE 1,2,236,75105
QUARTIER LATIN 1,2,164,75105
STUDIO DES URSULINES,1,122,75105
REFLET MEDICIS 1,3,372,75105
EPEE DE BOIS 1,2,140,75105
LA CLEF 1,2,188,75105
LE GRAND ACTION 1,2,346,75105
GAUMONT GOBELINS 1,5,1162,75113
UGC GOBELINS 3,7,1148,75113
ESCURIAL 1,2,329,75113
GRAND AUDITORIUM,1,128,75105
MK2 GRAND PALAIS,1,92,75108
MK2 BIBLIOTHEQUE A,16,2981,75113
CLUB DE L ETOILE,1,161,75117
MK2 QUAI DE LOIRE 1,6,1108,75119
ETOILE LILAS 1,7,1480,75120
REX 1,3,511,80001
PANDORA 1,3,257,78005
LE FOYER,2,270,35001
CINE 7 2,1,76,38002
TRAVELLING 1,4,797,34003
CENTRE CULTUREL LEDRU ROLLIN,1,130,47001
CARNOT 1,8,1380,47001
CINEMA DE L'ESPACE,1,79,50003
L' AIGLON,1,490,61214
STUDIO 1,2,345,73003
CINEMA MARCEL PAGNOL,1,164,30003
THEOPHILE DE VIAU,1,254,47004
LE GOELAND,1,320,85001
CINEMA MODERNE,1,286,36001
GALAXIE,2,444,40001
ESPACE CULTUREL AREA (EX-ESP,1,268,62014
REX,1,265,17004
RENOIR 1,3,431,13001
CEZANNE 1,9,1642,13001
LE MAZARIN 1,3,438,13001
ARMAND LUNEL,1,165,13001
VICTORIA 1 (EX NOUVEAU CASIN,5,996,73008
JEANNE D ARC,1,180,85003
CINE LAETITIA,1,426,2A004     
EMPIRE,1,1100,2A004     
ESPACE CULTUREL MUNICIPAL,1,319,2A004
AUDITORIUM PASCAL PAOLI,1,434,2A004     
ESPACE DIAMANT,1,295,2A004
LE FORUM,1,249,80016
LE DOME GAMBETTA,1,247,73011
LE DOME,2,365,73011
CINEMOVIDA LAPEROUSE 1,3,443,81004
SALLE MANUEL JOSE ARCE,1,142,81004
TIVOLI 1,4,847,81004
CASSE-MASSION,1,214,73013
NORMANDY 1,4,734,61001
ARCADES 1,5,547,30007
ARCADES BIS 3,3,426,30007
BEL ' DONNE 1,2,241,38006
SALLE POLYVALENTE,1,600,72003
CINEMA DE L'AIGUILLE,1,187,4006
LORES,1,230,73015
LE MOTTARET,1,172,73015
PALACE LUMIERE 1,4,576,68004
EVASION,1,246,33003
LA FACADE 1,2,302,63003
CINEA 1,2,354,37003
CASINO MUNICIPAL,1,440,66003
STUDIO ORSON WELLES (EX-PETIT THEATRE),1,188,80021
CINE SAINT LEU,1,254,80021
GAUMONT 1,12,2682,80021
GAUMONT 1,12,2568,57019
EDEN,1,256,44003
CINEMA DE LA VIOUZE,1,347,63004
PALACE 1,2,520,27016
REX,1,219,33005
NORMANDIE,1,250,28007
GAUMONT VARIETES 1,5,1415,49007
LES 400 COUPS 1,7,886,49007
GAUMONT 1,12,2522,49007
LE CASTEILL,1,197,66004
MONCINE 1,7,1095,64024
SALLE NEMO,2,294,16015
MEGA CGR 1,11,1876,16015
IDEAL CINEMA,1,206,59008
DECAVISION 1,10,1839,74010
NEMOURS 1,4,448,74010
MJC NOVEL,1,174,74010
ESPACE 300,2,1188,74010
CINE ACTUEL MJC,1,117,74012
SALEVE 1,2,475,74012
NACELLES 1,4,552,7010
SALLE DE CINEMA,1,120,71009
CASINO 1,3,456,6004
SELECT L DAQU,1,225,92002
CESAR 1,3,415,84003
CHOUCA 1,2,352,74014
GRAND ECRAN 1,3,519,33009
GAUMONT 1,11,2679,74016
JEAN VILAR 1,2,328,94003
MEGARAMA 1,6,781,94003
VOX,1,360,66008
CINEMA JAURES,1,234,66008
CASINO,1,288,65025
NORMANDY 1,3,534,61006
LE TURENNE,1,187,19010
JEAN GABIN (EX-GALILEE 1),1,128,95018
LE FIGUIER BLANC 1 (EX-GALILEE 2),3,826,95018
L'EAU VIVE,1,159,5006
COMMYNES,1,250,79013
EDEN PALACE,1,187,36006
CIN ' EVASION,1,158,35006
MODERN' CINEMA,1,126,18011
FEMINA 1,3,470,13004
ACTES SUD 1,3,297,13004
STARS 5,5,829,91021
CINEMOVIDA 2 (EX-PALACE 2),6,679,62041
L'UNION,1,194,57032
CINEMOBILE NORD,1,100,45008
ST MICHEL,1,200,64062
LA LOCOMOTIVE ATLANTIC,2,246,56005
L'ALCAZAR 1,4,646,92004
SALLE D ANIMATION,1,150,53012
CINEMA VENTURA,1,175,91027
PAGNOL 1,4,579,13005
PALACE 1,5,721,13005
PALACE 1 (EX CLUB),4,590,7019
LE NAVIRE SALLE 1,2,175,7019
PAUL GRIMAULT,1,169,78029
STUDIO,1,127,93001
CINE DOME 1,14,2739,63014
LE CARFOUR,1,238,85008
ATOMIC 1,1,163,18015
COLBERT 1,2,379,23008
JEAN MARAIS,1,188,31022
CINE 32 1,5,820,32013
LOUIS ARAGON,1,492,62048
CINE GOYEN,1,516,29003
CINE AUDUN,1,134,57038
SALLE POLYVALENTE,1,150,63016
ESPACE PREVERT 1,2,789,93005
CHANTECLER,1,181,76035
CINEMA PARADISO THEATRE,1,199,14027
LES ARCADES 1,3,341,56007
NORMANDY 1,5,840,15014
LES ECRINS,1,97,38020
OUSTAL,1,222,31033
CLOS,1,160,38021
ARLETTY 1 (EX VOX),3,318,71014
CASINO 1,8,1593,89024
L'EMPIRE,1,244,21038
STUDIO 7,1,98,31036
VAUBAN 1,2,451,89025
CAMEO 1,2,269,59036
CAPITOLE 1,4,1342,84007
VOX 1,2,379,84007
UTOPIA REPUBLIQUE (UTOPIA 5),1,139,84007
UTOPIA MANUTENTION 1,4,456,84007
PATHE CAP SUD 1,10,2054,84007
LE FAMILIA,1,193,62065
STAR 1,3,617,50025
CASINO,1,336,9032
CONCORDE,1,245,54039
LE MAINTENON,1,132,65059
REX 1,2,378,31042
THEATRE VICTOR HUGO,1,418,92007
CIN'HOCHE 1,2,288,93006
CASINO DU LAC,1,346,61483
CASINO 1,4,678,30028
SALLE MUNICIPALE CLAUDE PLAN,1,200,34022
FLANDRIA,1,145,59043
GRANDE SALLE,2,294,35012
CASINO,1,423,88029
CINECURE,1,139,34023
CINE TOILE,1,189,91045
CAMERA,1,524,83009
CINEMA DE BARAQUEVILLE,1,164,12056
SALLE COMMUNALE,1,90,47021
GOIS,1,299,85011
LE CLUB 1,2,239,16028
L'UBAYE 1,2,310,4019
LE REFUGE,1,136,65481
THEATRE MONTDORY,1,345,76057
REGAIN,1,100,30029
L ODEON,1,131,83012
COLISE SALLE 2 (EX-COLISEE 1),5,617,55029
SELECT,1,270,50031
LE VAGABOND SALLE 1,2,439,10033
CINE POLE SUD 1,8,1036,44009
STUDIO,2,344,2B033     
LE CELTIC,1,255,56010
STELLA CINE,1,203,49018
GULF STREAM 1,5,804,44055
STELLA CINEMA,1,182,25047
MELIES 1,3,444,14047
L'ATALANTE (EX UTOPIA),1,180,64102
L'AUTRE CINEMA 1,2,196,64102
VOG,1,154,33036
FOYER GEORGES BRASSENS,1,550,90009
SALLE DE LA CHAUDANNE,1,70,73034
ABC LE DUNOIS,1,200,45028
COUR DE L'ECOLE,1,0,7028
LES NOUVEAUX BLEUS,1,212,82013
BEAUMONT PALACE,1,353,95052
CAP CINEMA BEAUNE 1,6,898,21054
CINEMA JEANNE D'ARC,1,160,49023
THEATRE SAINT MARTIN,1,211,62100
ORON 1,2,374,38034
AGNES VARDA,1,205,60057
CINESPACE 1,10,1913,60057
STAR 2,3,297,34028
RENE LALOUX,2,374,33039
PATHE BELFORT 1,14,2973,90010
LUX,1,292,87011
VARIETES 1,2,390,1033
STUDIO,1,247,73038
IDEAL,1,252,69019
ARLEQUIN 1,3,434,1034
SITE DES ARCADES,1,0,42015
REX,1,171,67028
CINEMARINE 1,2,326,29006
FAMILIA,1,211,62108
CYRANO 1,7,998,24037
REX,1,268,27056
SALLE JEANNE D'ARC,1,218,44012
CINE 89,1,196,13014
PLAZZA VICTOR HUGO 1,3,337,25056
ESPACE PLANOISE,1,426,25056
PATHE BEAUX ARTS 1,8,1330,25056
FOYER RURAL,1,0,63038
SALLE POLYVALENTE,1,90,83018
TRISKEL,1,198,35024
LA BARBACANE,1,292,78062
MONCINE 1,9,1462,34032
ECRAN ELUARD 2,2,598,95063
ROYAL 03,3,458,64122
ROBERT DOISNEAU,1,184,46029
CENTRE CULTUREL,1,298,33051
ATLANTIC,1,350,40046
JEAN RENOIR SALLE DUNE,2,328,40046
MEGA CGR 1,15,2998,31069
REX,1,213,31069
ST LAURENT,1,285,44015
MAISON DES FETES,1,600,54076
BON ACCUEIL,1,274,54077
STUDIO REPUBLIQUE 1,2,253,36018
LOUIS DAQUIN2,2,424,93007
COLONNES 1,2,339,33056
SELECT,1,114,16046
MAISON POUR TOUS,1,150,43032
LE MONTEIL,1,300,33058
CINE VILAR,1,218,54079
LES LOBIS A,3,683,41018
CAP' CINE 1,9,1915,41018
L'AMBIANCE,1,117,14079
MAGIC 1,2,456,93008
L'ENTRACT,1,183,42313
LOUIS JOUVET,1,142,2095
JEAN RENOIR,1,300,92009
FORUM,1,114,94004
LE XENON,2,495,76114
LE CLAP,1,97,84019
SALLE ANDRE MALRAUX,1,324,93010
GERARD PHILIPE,1,245,94011
MEGA CGR LE FRANCAIS 1,12,1900,33063
UGC CINE CITE 1,18,2648,33063
MEGARAMA 1,17,2878,33063
UTOPIA 1,5,553,33063
LE 7EME ART 1,2,358,19028
BEAULIEU,1,338,44020
CINE LUMIERE 1,1,221,31080
STARS 1,7,944,62160
CINEMA LANDOWSKI,1,154,92012
PATHE 1,7,1492,92012
MAJESTIC,1,330,66024
RIO BORVO,1,152,71047
CASINO,1,124,3036
CASINO DE BOURBONNE,1,148,52060
ROXY,1,192,63047
LE REGENT,1,410,23030
LE FOYER,1,213,42023
EMILIEN JOLY,1,177,38052
SALLE POLYVALENTE,1,0,38052
 LA GRENETTE 1,4,784,1053
LE CINEMA,1,110,18033
MEGA CGR 1,12,2620,18033
LE CINEMA,1,83,93013
AUDITORIUM DU CONSERVATOIRE,1,177,92014
TRIANON,1,318,53039
ROYAL 3,3,636,38053
MEGAROYAL 1,9,1616,38053
SAVOY,1,250,73054
CINEARC 3,2,360,73054
FAMILIA,1,224,37031
ABBAYE,1,380,37031
FOYER,1,356,59098
BUXY 1,5,797,91097
FA MI LA,1,195,59107
LE RENAISSANCE,1,105,77051
LA BOBINE,1,206,35037
JEANNE D ARC,1,217,88075
SAVOY 1,2,323,79049
CELTIC 1,8,1727,29019
CINE LIBERTE 1,15,2805,29019
OCEANOPOLIS,1,267,29019
LES STUDIOS 1,6,715,29019
LE FIEF,1,290,85035
JEAN COCTEAU,2,370,91103
NORMANDY,1,190,14100
EDEN STUDIO,1,98,5023
CINE VAUBAN,1,240,5023
DONJON,1,203,50082
DORON,2,358,73057
LES 4 VENTS,1,168,77053
LA BOITE A IMAGES 1,2,253,83023
PARIS 1,2,427,43040
MEGA CGR 1,9,1504,19031
REX 1,3,575,19031
SANDRINE BONNAIRE,2,345,69029
ETOILES 1 (EX-ARCADES 1),4,497,62178
MEGA CGR 1,12,2560,62178
PATHE 1,12,2829,67067
LE GRAND LOGIS,1,419,35047
REGAIN,1,174,26063
LUX LOUIS DELLUC,1,202,24068
MEGA CGR 1,12,2219,86041
CENTRE CULTUREL,1,210,36031
CENTRE CULTUREL,1,248,66028
LE NORMANDIE 1,2,238,14117
CASINO,1,138,14117
TOURNEE,1,150,46040
SALLE MISTRAL,1,0,6026
LA PLEIADE,3,802,94016
LUX,1,196,33081
PATHE LUMIERE 1,7,1468,14118
SALLE PIERRE DAURE,1,768,14118
CINEMA LUX 2,3,477,14118
ESPACE CENTRE,1,336,6027
LE QUERCY,1,360,46042
A B C I,3,441,46042
L'ALHAMBRA 1,4,498,62193
ARGOAT,1,148,22025
SALLE MELIES,1,267,69034
CINE CALUIRE,1,270,69034
LE TEMPLE,1,172,12044
SALLE POLYVALENTE,1,0,84029
ROCAMADOUR,1,200,29022
L'AIGLON,1,110,64160
LE PALACE 1,5,605,59122
VICTORIA,1,500,44025
DUGUESCLIN,1,228,35049
CENTRE SIMONE SIGNORET,1,383,33090
OLYMPIA 1,4,835,6029
ARCADES 1,3,453,6029
STAR 1,4,702,6029
STUDIO 13,2,298,6029
SALLE RAIMU,1,164,6029
OLYMPIA 5,5,502,6029
PROSPER MERIMEE,1,432,6029
MIRAMAR,1,370,6029
ALEXANDRE 3,1,196,6029
CANNET TOILES,1,90,6030
ESPACE CULTUREL FRANCOIS MIT,1,170,76157
RIO CINEMA,1,166,40065
ATMOSPHERE,1,263,12052
CENTRE AUDIOVISUEL,1,195,33095
CASINO,1,99,65127
ETOILE,1,158,29023
FAVOLS,1,196,33096
CINE CARBONNE,1,206,31107
CENTRE CULTUREL DE L'ESTRAN,1,248,33097
CAP CINEMA LE COLISEE 1,4,470,11069
CAP CINEMA CARCASSONNE 1,9,1830,11069
 SLE COMMUNALE DU FOYER RURAL,1,100,83032
LE COTENTIN 1,2,336,50099
LE GRAND BLEU,1,215,29024
LIDO 1,3,435,81060
REX 1,2,422,56034
RIVOLI 1,4,663,84031
THEATRE DE DION,1,768,44026
SALLE MULTISERVICE,1,0,64167
JULIETTE GRECO,1,100,6033
ESPACE FERNANDEL,1,200,13021
ST MICHEL PL,1,195,13022
M J C CINE 113,1,178,31113
LE CASTELIA,1,190,31116
L'ODYSSEE,1,185,47052
LE MELIES,1,193,31117
LA HALLE AUX GRAINS,1,276,11076
SALLE COMMUNALE POLYVALENTE,1,80,9082
VOX,1,184,82033
KURSAAL,1,106,40075
CINE 4,1,240,47057
LIDO 1,5,707,81065
SELECT,1,178,59136
PARIS,1,386,76164
MILLENIUM,2,590,59139
CINEMA THEATRE,1,330,82037
CASINO,1,500,65138
FEMINA 1,3,387,84035
LA CIGALE 1,1,386,84035
ECRAN BLEU(EX CINE BLEU),1,149,83036
ARMAGNAC,1,186,32096
LES CAPUCINS,1,237,31135
CINE THEATRE,1,309,78126
CERETAN,1,525,66049
UGC CINE CITE 1,14,2768,95127
7EME ART,1,200,79062
ESPACE GRUN,1,408,68063
LE SEVIGNE,1,293,35051
REX 1,2,544,33122
FAMILIAL,1,393,52093
MARAIS,1,291,85047
CLUB 1,2,516,85047
LE CHALL'ENGER,1,141,73064
ESPACE CINE,1,280,49063
MEGA CGR  1,9,1601,51108
LA COMETE,1,153,51108
NEF 1,5,686,71076
AXEL 1,4,586,71076
VOX 1,5,724,71076
ESPACE DES ARTS,2,1224,71076
CURIAL CINEMA,1,154,73065
ASTREE 4,4,584,73065
FORUM CINEMA 1,2,235,73065
PATHE CHAMNORD 1,6,1390,73065
CINEMASCOOP 1,2,209,43051
VOX 1,3,508,74056
JEAN GABIN,1,168,77079
REPUBLIQUE 1,3,389,39097
RHODO,1,170,73071
SALLE YVES RENAULT,1,242,37050
STUDIO 4,5,944,94017
ELYSEE 1,4,606,60141
SULLY,1,650,85051
LA CHAPELLE ACHARD,1,300,85052
JACQUES DEMY,1,189,44029
SALLE DES FETES,1,400,69270
ALPHA,1,300,69044
CRYSTAL PALACE 1,2,301,58059
METROPOLIS 1,10,2008,8105
LES HALLES 1,2,210,42052
CINEMA DE CHARMOILLE,1,212,25125
LE TIVOLI,1,191,71106
CINEPARADIS 1,10,1880,28085
CINE ESPERANCE,1,249,35066
VOX,1,173,16085
SALLE BELLE EPINE,1,160,85059
CINEMATOGRAPHE SLE CHAPLIN,3,465,4049
ETOILE,1,221,35068
ATLANTIC CINE 1,4,748,44036
ETOILE CINEMA,1,185,58062
CINEMA LA GARGAMOELLE,1,147,85060
LES RECOLLETS,1,127,72071
LE DUNOIS 1,3,412,28088
PARADISIO,1,182,35069
PALACE 1,3,512,53062
AGORA,1,242,29026
SALLE DES FETES,1,200,28089
COLISEE,1,210,87040
ESPACE MARCEL PAGNOL,1,120,13026
VOX,1,64,45083
CINEMA LE REX 1,3,332,13027
BALZAC,1,216,37063
APOLLO,1,328,36044
CINEMOVIDA 1,8,1078,36044
SALLE SAINT JEAN,1,190,57132
THEATRE SALLE 4,4,657,2168
MORCLAN 2000,1,275,74063
LE CHAMOIS,1,100,74063
SALLE DES FETES,1,100,22038
CINEA 1,4,739,86066
LES 400 COUPS,1,162,86066
REX 1,2,551,92019
LE VENDELAIS,1,199,35072
CINEMA,1,226,92020
CINEMA DE CHATILLON SUR CHALARONNE,1,245,1093
LOUIS JOUVET,1,419,78146
LUX,1,193,36046
LA SOURCE,1,272,15045
CINE ACTION PALACE,1,147,71120
SALLE POLYVALENTE,1,270,5039
VOX,1,462,52121
EDEN 1,2,392,52121
A L'AFFICHE 1,8,1134,52121
LUMIERE 1,3,380,2173
REX 1,2,218,86070
L'ATRIUM,1,643,92022
FOYER CULTUREL,1,146,79083
COSMOS 1,2,645,77108
CLUB,1,198,49092
LE THEATRE,1,384,94019
ODEON 1,5,1092,50129
MEGA CGR 1,12,2536,50129
STUDIO A,5,838,78158
GAUMONT DISNEY VILLAGE 1,15,3923,77111
SALLE ANDRE MALRAUX,1,405,94021
VOX,1,159,7064
SLE J D ARC,1,300,7064
FRANCOIS TRUFFAUT - SALLE JULES,2,409,91161
LE RABELAIS,1,350,37072
SALLE PAUL ELUARD,1,181,94022
CINEMOVIDA,9,1368,49099
THEATRE DE VERDURE,1,400,7066
LUMIERE 1,3,426,13028
LE CINE-MALICE,1,126,86078
LE MAGNOAC,1,116,65148
CINEMA JEANNE MOREAU,1,176,92023
CASINO 1,2,243,58079
CINEMA PARADISO (EX-HENRI LANGLOIS),2,356,78165
L'ODYSEE (EX CINEMA FOYER),1,240,71133
SALLE JEAN GIONO,1,129,38113
SALLE LEBRUN,1,110,60157
ALAIN RESNAIS,1,230,34079
 CAPITOLE 1,5,677,63113
LE RIO,1,178,63113
 JAUDE 1,7,1234,63113
LES AMBIANCES 1,3,269,63113
FOYER RURAL,1,150,71135
CINEMA RUTEBEUF,1,549,92024
LE CONNETABLE,2,432,44043
LES ARTS,1,289,71137
DANAY,1,400,74080
STUDIO 1600,1,256,74081
CINETOILES,1,600,74081
GALAXY 6 (EX-PATHE 6),7,962,16102
RAIMU,1,140,83042
MONDIAL CINEMA,1,300,66053
COLISEE 1,6,1252,68066
MJC THEATRE DE COLOMBES,1,322,92025
CLUB 1,4,493,92025
CENTRAL 1,2,327,31149
CHATEAUBRIAND,2,386,35085
LA COUPOLE,1,236,77122
THEATRE ALPHONSE THIVRIER,1,0,3082
FRANCOIS TRUFFAUT,1,215,55122
LE CELTIC 1,5,801,29039
ROYAL,1,381,14174
CINEMA MUNICIPAL,1,340,50139
CINE 32 GASCOGNE 1,2,273,32107
JEAN VILAR,1,159,54136
CINEVILLE 1(EX-ATALANTE),3,517,78172
PATHE 1,12,2642,78172
LE CAPITOLE,1,149,16106
MAISON POURTOUS,1,0,6048
CASINO,1,250,88114
GAUMONT CITE EUROPE 1,12,2386,62239
FOGATA 1,2,615,2B093     
ARCEL K,3,434,91174
THEÂTRE LES DOCKS,1,371,80212
CINEMA L ALBA 1,2,232,2B096     
EDEN CINEMA,2,386,58086
LE CLUB,1,227,38130
SALLE MARCEL PAGNOL,1,0,83046
MALINE,1,278,17121
ESPACE JEAN VILAR,1,314,59155
SALLE DES FETES,1,0,60164
HEMISPHERE THEATER 1,4,568,77131
CAMILLE ST SAENS(EX-ESP CARP,1,360,92026
ABEL GANCE,1,139,92026
L'ETOILE,1,195,93027
GERGOVIE 1,3,476,63124
REX,1,124,63125
LE TRAVELLING,1,292,62250
CINEMA DE LA GARE,1,240,14191
LE MARCHOIS,1,104,23067
LONG COURT 01,2,314,50147
LA TURBINE,1,183,74093
ESPACE CULTUREL EOLE,1,353,69069
HENRI GEORGES CLOUZOT,1,222,79048
LE CYRANO,1,270,80222
LA FAIENCERIE,1,749,60175
MAX LINDER,1,189,33140
THEATRE EDEN,3,544,26108
LA LUCARNE MJC,1,92,94028
CINEMA DU PALAIS 1,3,490,94028
MORVAN 1,4,456,71153
LE HUBLOT,1,262,44049
REX,1,175,29042
LE CINE,1,156,7076
LE CIGALON,1,93,84042
LES CARDINAUX,1,151,56052
PATHE DAMMARIE 1,10,2181,77152
LE CLUB 2,1,189,45122
LE FOYER,1,168,70198
SALLE PAULETTE DONZEL,1,250,25193
AQUEDUC,1,271,69072
LE GRAND CLUB 1,8,1284,40088
CASINO DE DEAUVILLE,1,856,14220
LE MORNY,4,777,14220
LA STRADA 1,3,460,12089
LE TOBOGGAN,1,144,69275
CINEAL 1,2,345,58095
HALLE DES CINQ FONTAINES,1,113,90033
LE RABELAIS,1,167,37115
CINE DESVRES (EX-MEDIATHEQUE,1,111,62268
LE PESTEL,1,207,26113
REX 1,4,676,76217
DIEPPE SCENE NATIONALE,1,578,76217
CINE LABOR,1,139,26114
RENCONTRES,1,256,4070
CINE TOILES 1,4,767,4070
MAJESTIC,1,221,71176
OLYMPIA 1,10,1634,21231
DARCY 1,6,1059,21231
ELDORADO 01,3,403,21231
DEVOSGE 1,5,812,21231
VERS LE LARGE 1,5,821,22050
2 ALIZES SALLE LA MOUETTE,2,499,35093
SALLE DU FOYER COMMUNAL,1,250,67098
DRAKKAR,1,290,14225
CINE DOL 1,2,271,35095
TANNEUR 1,6,1046,39198
STUDIO M J C,1,198,39198
ESPACE ERMITAGE,1,282,95199
RENE FALLET,1,130,3102
ESPACE RENAISSANCE,1,274,44052
SALLE DES FETES,1,200,26116
SELECT,1,270,87059
LE TRÈFLE 1 (EX-L'ATALANTE 1),9,1729,67101
HIPPODROME,1,123,59178
MAJESTIC 1,10,2000,59178
LE CLUB,1,256,29046
LE K.1,2,364,29046
JEAN RENOIR,1,166,59179
TIVOLI,1,98,80253
PARTERRE 1,2,227,91200
L'ESPACE,1,208,74105
LE FOYER,1,260,14228
CINEMA LE NORMANDY,1,200,14711
ELDORADO 1,5,852,83050
ESPACE CULTUREL DU PARC,1,329,93029
ORANGERIE 2,3,389,91201
CINE CENTRE 1,9,1544,28134
SALLE DE SPECTACLES HENRI SA,1,310,93030
LE MAUBOURG,1,182,43087
OCINE DUNKERQUE 1 (EX-AMC MARINE 20 SALLE 1),15,3211,59183
STUDIO 43 SALLE CHARLIE CHAP,2,456,59183
SALLE DES FETES,1,200,23075
FOYER RURAL L'OUSTAU PER TOUTES,1,0,30106
CINEMA DE GOURETTE,1,126,64204
FOYER ARMAGNAC EAUZE,1,323,32119
PATHE 1,12,2925,38151
MEGARAMA 1,10,1498,25212
ECULLY CINEMA,1,171,69081
L'ESPLANADE 2,2,269,19073
GRENOUILLE A,1,199,78208
MERCURE 1,5,957,76231
RENE VAUTIER,1,157,66065
LE ROC 1,2,388,5046
CINE SAUZE,1,208,4073
FRANCAIS 1,5,1263,95210
CENTRE DES ARTS,1,320,95210
CINEMA POUR TOUS,1,150,12094
LE MONTCELET,1,222,38155
PALACE 1 (EX-PALACE 1),6,1096,51230
LES PRAIRIALES,1,544,28140
CINES PALACE 1,8,1600,88160
ESPACE CINE 1,1,97,93031
MEGA CGR 1,12,2565,93031
PALACE,1,280,50173
PIERRE FRESNAY,1,400,95219
LE MAJESTIC,1,254,53096
ARMOR CINE,1,339,22054
AMITIE,2,366,67130
REX,1,217,12096
KORRIGAN,1,137,22055
ROTONDE A,3,400,91223
CINETAMPES,1,146,91223
LA RIVIERE,1,223,56055
ALPHA,1,172,23076
ROYAL,1,162,74119
PATHE EVREUX 1,10,2395,27229
CINEMA YVES ROBERT,3,447,53097
MEGA CGR 1,10,2052,91228
REX SLE ST SYMPHORIENNE,1,200,74121
LE GRENIER DE L'ALCAZAR,1,132,13035
JEAN GABIN,1,135,87064
JEAN RENOIR,1,169,33162
CINEMA MUNICIPAL,1,150,11140
ENTRACTE,1,198,14258
CINE ELLE LE FAOUET,1,326,56057
ESPACE CULTUREL,1,254,83055
LE GRAND LARGE 1,4,710,76259
VOLTAIRE 1,3,435,1160
ROC,1,172,85089
LE PALACE 1,2,232,72132
GERARD PHILIPE,1,182,61168
CINEMA JEAN RACINE,1,119,2307
CINE FEURS,1,141,42094
CHARLES BOYER,1,317,46102
MAJESTIC,2,837,42095
NOTRE DAME DES SALLE,1,0,83057
LE KID 1,2,230,72154
VIKING 1,4,849,61169
GD ANGLE 1,2,157,32132
REX,1,141,9122
CENTRE CULTUREL,1,463,9122
SALLE FETES,1,150,39228
ERMITAGE 2,5,944,77186
MEGA CGR 1,8,1501,86100
L' IGLOO,1,250,73116
LE SCARRON,1,198,92032
CINEMA LE RENAISSANCE,3,520,85092
THEATRE FONTENAY,1,346,78242
LE KOSMOS,1,182,94033
CASINO,1,237,66124
EDEN,1,135,13038
PARIS 1,5,774,57227
LE BOURGUET,1,105,4088
ESPACE JEAN BAUCHET,1,699,76276
VOX,1,289,80333
MAX LINDER,2,392,13039
CINEMA DE  L'YSIEUX,1,195,95250
LE CLUB,5,900,35115
CASINO,1,282,17168
SUN 7 CINE,1,133,59249
L'EMBELLIE,1,174,73117
CINE FRANCHEVILLE,1,193,69089
CINE HENRI LANGLOIS,2,518,95252
VOX 1,3,508,83061
CINEMA DU PIN DE LA LEGUE,1,753,83061
MJC LOUISE MICHEL,1,158,94034
MEGA KINE 1,10,2474,57240
CINE MISTRAL,1,152,34108
CINE FRONTON,1,120,31202
7EME ART,1,273,2B120     
LE TAHITI,1,350,61181
THEATRE ANDRE MALRAUX,1,450,93032
IMAG'IN CINEMA L'OLYMPIA 1,4,709,81099
CIN'EVASION 1,3,505,27275
L'ARC EN CIEL,1,166,34111
CINEMA THEATRE,1,207,3118
LE CHARDON,1,185,3118
PALACE 1,6,691,5061
LE CENTRE,1,274,5061
CLUB,1,136,5061
CINE GARCHES,2,434,92033
CASINO 1,3,433,13041
PATHE GRAND CIEL 1,12,2643,83062
LE ROCHER,1,141,83062
JACQUES BREL A,1,225,95268
LE FAMILY,1,166,64233
LA COUPOLE,1,177,6065
CINEMA DE GENCAY,1,104,86103
ODEON,1,266,21292
CINEMA JEAN VIGO 1,2,290,92036
CINEMA DU CASINO,1,315,88196
ANDRE BOURVIL,1,211,88196
LE CLUB,1,220,74134
CLUB,1,101,1173
LE CLUB,1,216,45155
LE LAUSSY,1,294,38179
LE CENTRAL,1,200,91272
SALLE DES FETES,1,0,34114
CINEMA DE LA COMMUNAUTE DE COMMUNE,1,97,32147
JOUR DE FETE,1,223,27284
MANEGE 1,2,459,8190
CINE THEATRE JACQUES PREVERT,1,216,95277
POINTE CAUX,1,337,76305
GORRON CINEMA,1,272,53107
L'ATALANTE 1,2,290,46127
JEANNE D ARC,1,227,56066
ECRAN 1,2,319,76312
THEATRE SARAH BERNHARDT,1,658,95280
L'ATELIER,1,158,46128
LES RHODOS,1,199,74136
LE CHARMIEUX,1,150,74136
LE VARLIN,1,227,59271
GAUMONT 1,16,3828,76322
ESPACE ROBERT HOSSEIN,1,295,13044
SELECT 1,3,514,50218
CINEMA STUDIO 1,2,236,6069
VOG,2,425,30133
LES TEMPS MODERNES,1,195,81105
SPORTICA 1,2,369,59273
MAJESTIC 1,2,310,70279
FOYER,1,250,31232
REX 2,6,1009,38185
MELIES 1,1,133,38185
CLUB 1,5,479,38185
NEF 3,7,876,38185
VOX,1,100,38185
PATHE CHAVANT 1,10,2984,38185
SALLE DU FELIBRIGE,1,39,4094
SCIALET,1,154,38186
LE KORRIGAN,1,236,56069
STAR 2,2,137,2A130     
FLORIVAL,1,166,68112
L'ODEON,1,192,44067
SALLE ROCH,1,210,56073
QUAI 56,1,184,56075
LE BRETAGNE,1,270,35125
SENECHAL 3,5,695,23096
LE DANTON,1,180,71230
BRETAGNE,2,284,35126
SALLE MUNICIPALE,1,238,7102
LE RIOUBEL,1,185,5065
LES BALADINS GARANCE,2,438,22070
ALLIANCE,1,185,35129
VOX,1,160,2361
GERARD PHILIPE,1,182,33199
AQUITAINE,1,415,40119
MEGAREX 1,8,1504,67180
L ENTREPOT DES JALLES,1,480,33200
LE FAMILIA,1,237,59279
LE MELIES,1,198,80410
CENTRE CULTUREL JACQUES PREV,1,360,62413
HARITZ BARNE,1,193,64256
NOVELTY,1,253,1185
CENTRE CULTUREL,1,560,59291
CINEMA DE LA PLAGE 1,2,282,50231
SIRIUS 1,4,442,76351
LE STUDIO,1,86,76351
GAUMONT 1,12,2412,76351
LA TOURNELLE,1,274,94038
PALACE 1,1,229,57306
RIALTO,1,350,50236
ARC EN CIEL 1 (EX-LE FLANDRE 1),2,285,59295
VARIETES,1,324,64260
CINEVILLE 1,12,2401,62427
GRAND ECRAN,1,376,85109
THEATRE ROGER BARAT (EX-CENT,1,390,95306
LE GEN'ERIC,1,243,44073
SALLE COQUELICOT,4,1012,14327
SONHIR SALLE 1 (EX-SONHIR 3 SALLE A),3,436,2381
CINEMA HENRI JEANSON,1,199,14333
CASINO,1,262,14338
LOU HAPCHOT,1,481,33203
ARTHUS CINE,1,97,29081
LE SIGNAL,1,312,38191
PALAIS 1,2,258,38191
OLBIA 1,6,749,83069
MERIDIEN 1,2,849,65226
LE CUBE,1,179,37119
CINE ILAIS,1,216,85113
MALAMOCK,1,147,29085
REX,1,500,66088
CINE ECLAIR,1,400,76374
CINEMA ST CHARLES,1,122,49160
LE VULCAIN,1,180,56090
LE CLUB,1,308,14342
CONTI 3,5,739,95313
SALLE DES FETES,1,237,31239
OLYMPIA,2,220,32160
LA STRADA,1,92,84054
 CINEMA CLUB 2000,1,150,6073
MODERN 1 (EX-MODERN 2),2,324,63178
ELYSEE 1,3,469,36088
CINE D'ISSY,1,376,92040
COLUCHE 1,4,437,13047
SALLE GEORGES BRASSENS,1,0,91315
LUXY 1,2,507,94041
PATHE 1,14,3830,94041
ESPACE CULTUREL,1,156,73137
CENTRE CULTUREL SALLE NOTRE DAME,1,257,49162
STELLA,1,280,35136
SALLE DES ORMEAUX,1,191,85114
ESPACE G PHIL,1,310,54273
SALLE SAINT MICHEL,1,160,49163
MAJESTIC COMPIEGNE 1,9,2022,60325
FOYER RURAL,1,100,54276
SALLE DE LA CANTINE,1,50,42114
LE REGENT,1,580,59324
CASINO,1,234,54280
CLAUDE DEBUSSY,1,268,89206
SALLE PIERRE ET JACQUES PREV,1,300,94042
FAMILIA 1,2,354,17197
LE BEAUMANOIR,1,302,56091
CENTRE CULTUREL ESPACE MALRA,1,670,37122
CENTRE CULTUREL,1,346,95323
CINEMA AGNES VARDA,1,123,91326
SALLE JACQUES BREL,1,150,81115
GAUMONT 1,16,3644,31254
LE LUT S,1,236,40134
CENTRE CULTUREL,1,198,81120
FAMILIA CINE,1,315,33214
LA STRADA,1,100,84058
ESPACE 1,3,492,77243
VOX,1,66,21336
LE LALANO,1,252,65250
LE FOYER,1,400,7128
L'IMPERIAL,1,107,34126
CINE PENTHIEV,1,210,22093
CINE LAMBERSART,1,181,59328
SALLE SEVIGNE,1,137,13050
LE MELIES (EX-NOUVEAU CINEMA,1,168,41106
VILLAGE DE VACANCES,1,449,39275
LE ROHAN,2,470,29103
STUDIO 1,2,394,29105
L'ETERLOU,1,166,73142
MEGA CGR 1,11,1890,56098
ESPACE JEAN-HUGUES ANGLADE,1,189,37123
CENTRE CULTUREL  RENE RAYNAL,1,299,48080
RIO 1,2,465,33227
VOX 1,2,344,52269
RIO,1,383,65258
CASABLANCA,5,828,22113
LE SAINT DONAT,1,80,38205
LA RAMASSE,1,180,73143
CHANTELOUVE,1,166,73144
FORUM 1,5,1692,2408
MAISON DES ARTS ET LOISIRS S,1,117,2408
LE HUBLOT,1,160,5070
LOUIS JOUVET,1,155,64320
MEGA CGR 1,12,2002,34129
GERARD PHILIPE,1,87,30141
CINEVILLE 1,9,1844,53130
THEATRE DE VERDURE,1,544,83070
ESPACE DES NOUVEAUTES,1,192,81140
CASINO,1,390,9160
LE SENECHAL 1,2,174,32208
AMICAL CINE,1,114,59339
CINEMA SAINT MICHEL,1,263,44081
TEMPO CINE,1,252,31291
ETOILE,1,289,86128
ESPACE CULTUREL GEORGES BRAS,1,349,33238
CENTRE CULTUREL LEON,1,222,40150
EVEN,1,340,29124
MOLIERE,1,212,33240
CLAP CINE 1,3,451,11202
FOYER,1,0,6075
PALACE,1,199,11203
GRAND ECRAN 1,10,1373,33243
GAUMONT CARRE SENART 1,16,3566,77251
PATHE 1,15,3391,62510
SALLE ST MICHEL,1,300,35152
THEATRE DU GARDE CHASSE,1,308,93045
UGC 6,14,2725,59350
METROPOLE 1,4,466,59350
MAJESTIC 1 (EX ARCADES 1),6,660,59350
CENTRE CULTUREL JULIOBONA,1,377,76384
ATELIER BARBARA (EX-ANATOLE,1,165,94044
LIDO 2,3,686,87085
HORIZON GRANDS ECRANS 1,14,2252,87085
GRAND ECRAN ESTER 1,10,2015,87085
ELYSEE,1,350,11206
TRIANON,1,111,14365
ROYAL 1,3,536,14366
MAJESTIC,2,536,14366
CINELIT,1,192,40157
CINE MUNICIPAL YVES MONTAND,1,264,93046
VIGNY,2,503,37132
LE CLUB,1,228,56117
LES CINEMAS LUTEVA 1,2,304,34142
KINEPOLIS 1,23,7408,59350
LE FORUM,1,94,83071
UTOPOLIS LONGWY 1,7,1330,54323
LE REGENT,1,267,39300
PALACE 1,3,445,39300
4 C 1,2,256,39300
LE CINEMA,1,120,83072
CINEVILLE 1,11,2160,56121
ESPACES,1,124,26166
ESPACE CULTUREL BOIS FLEURI,1,226,33249
CINE LOROUX,1,198,44084
ESPACE ROYAL,2,410,22136
ESPACE ANIMATION,1,150,65282
L ARIXO,1,107,65282
CINEMA CORNAY,1,151,86137
EDEN 1,3,469,71263
LE PALAIS,1,487,65286
CINEMA BERNADETTE,1,281,65286
LE PAX,1,288,65286
LE MAJESTIC,1,249,65286
LE GRAND FORUM 1,5,960,27375
LE CINEMA,1,140,83073
ESPACE 1,5,766,85128
DRAKKAR,1,340,14384
ESPACE RONSARD,1,444,72176
UGC CINE CITE 1,14,2996,54328
ATHENEE,3,598,34145
IMPERIAL 1,3,406,54329
ESPACE MELIES,2,352,70310
MOLIERE 1 (EX RITZ),2,490,70311
MAISON DE LA  VALLEE,1,137,65295
VOX,1,178,58149
PATHE 9,10,2104,69123
COMOEDIA 01,6,1062,69123
LE CINEMA,1,46,69123
PATHE CORDELIERS 7,7,1043,69123
CINEDUCHERE,1,91,69123
CNP BELLECOUR SALLE A,3,197,69123
ASTORIA 1,5,894,69123
STUDIO LA FOURMI 1,3,169,69123
UGC PART DIEU 14,14,2387,69123
CINEMA BELLECOMBE,1,290,69123
CNP TERREAUX SALLE A,4,332,69123
CINEMA OPERA,1,97,69123
UGC CINE CITE 1,14,2830,69123
SAINT DENIS,1,237,69123
PATHE VAISE 1,14,2801,69123
SAINT HONORE,2,297,44087
MARIVAUX 1,3,733,71270
LES CORDELIERS 1,3,342,71270
GRAND THEATRE,1,764,71270
CINE PLAGNE 1,2,291,73150
SALLE SAINT MICHEL,1,342,25356
L'ATALANTE,1,163,78358
MARCEL PAGNOL,1,198,92046
ARMORIC CINEMA,1,234,56124
REX 1,2,271,72180
SALLE LEONARD DE VINCI,1,259,6079
LIDO 1,4,604,4112
CINE POCHE 1,2,163,72181
CGR COLISEE 1,7,1126,72181
LE ROYAL,1,94,72181
CINEASTES 1,4,383,72181
MEGA CGR 1,9,2081,78361
CHAPLIN,1,300,78361
CINE JIM 32,1,88,32233
VOX,1,166,71275
ATMOSPHERE,1,231,91363
COLISEE LUMIER,1,226,59378
L'ESTRAN,1,206,17219
THE ALAMO,2,240,13054
(MARLY-MAGES) EX-MARLY SCOPE,1,146,57447
ENRICO,2,336,78372
PLAZA 1,4,513,47157
ESPACE CULTUREL BEAUMARCHAIS,1,245,76410
PRADO 1,11,1590,13055
BONNEVEINE 1,5,806,13055
MADELEINE 1,8,1358,13055
CESAR 1,3,485,13055
CHAMBORD 1,4,520,13055
VARIETES 1,5,696,13055
LES TROIS PALMES 1,11,2436,13055
ALHAMBRA,1,256,13055
LE SILVERADO,1,150,16211
JEAN RENOIR,1,166,13056
TRIANON,1,177,48092
SALLE MARIE VERMILLARD,1,153,32242
CINEMASSY 1,3,498,91377
LE FORUM,1,154,17224
CINE CASTEL,1,269,79079
LES 2 SCENES,1,102,78380
MAULE BAITHA 1,2,416,64371
L'AURORE,1,173,35168
LE PRE BOURGES,1,256,15120
SALLE DES FETES,1,260,66107
FOYER RURAL,1,92,32249
VOX 1,2,387,53147
CINEMA APOLLO 1,2,580,81163
CINEMAZ,1,182,9185
MAJESTIC 1,7,1304,77284
LE ROCHEBRUNE 1,2,414,74173
PANORAMIC,1,315,74173
SALLE COMMUNALE,1,100,1241
LE MELIES 1,2,434,79174
VARIETES 1,3,566,77288
TRIANON 1,3,402,48095
ESPACE CULTUREL J J ROBERT,1,306,91386
EDEN 1,3,400,6083
STUDIO,1,142,22147
MERIGNAC CINE 1,4,1041,33281
GERARD PHILIPE,1,214,80533
DOMINO 1,2,295,60395
ESPACE CULTUREL ROBERT HOSSE,1,305,59400
LA PASSERELLE (EX-SALLE MUNICIPALE),1,220,17230
CAMPING LE VIEUX PORT,1,0,40181
CINEMA LE MONT D OR 2,2,212,25380
CAMEO ARIEL 1,4,664,57463
PALACE 1,7,1496,57463
CENTRE D'ART ET DE CULTURE,1,458,92048
LA FABRIQUE,1,143,45203
CINEMA L'HORLOGE,1,161,1244
SOUBISE,1,244,19136
CINEMA LE RABELAIS,1,287,74182
CINE-MEYZIEU 1,3,408,69282
LE TAURUS,1,144,34157
MEGA CGR 1,12,2580,35177
SALLE DES FETES,1,200,1247
LES CINEMAS DE MILLAU 1,4,581,12145
PLEIN AIR A CUREPLATS,1,250,12145
LE PARNASSE,1,750,40184
COMOEDIA,1,178,13063
CINE ASTARAC,1,250,32256
RIO,1,328,88304
ESPACE CULTUREL ANDRE MALRAU,1,106,9194
SALLE DES FETES,1,300,1249
CONCORDE,1,210,77294
LE GRAND AIR,1,200,73157
LE KERFANY,1,172,29150
SALLE FRANCOIS TRUFFAUT,1,330,39333
CONCORDE 1,6,737,82112
LA ROTONDE,1,380,77296
STELLA,1,295,79179
UGC CINE CITE 1,12,2452,14437
FOYER RURAL,1,159,64393
LOUIS LUMIERE,2,138,5079
LA CAPITELLE 1,2,348,43137
FOYER RURAL,1,300,37153
LE LASCAUX,1,179,24294
EDEN,1,189,33289
LE LIBERTY 2,2,312,47179
CINEMA 11X20+14,1,45,77298
LE MONTAGNARD,1,205,44101
LOUIS ET AUGUSTE LUMIERE,2,280,85146
ALTICINE 1,9,1499,45208
PATHE 1,14,3450,60414
PARIS 1,3,461,82121
CINE MONTAL,1,150,35184
MAISON POUR TOUS,1,279,83081
LE PHENIX (EX: COLISEE),1,165,21425
LE GENERIQUE,1,196,37154
COLISEE CONCORDE 1,4,1053,25388
REX A,3,431,42147
LE PLESSIS 1,3,804,71306
ROYAL CINEMA 1,6,844,40192
HOLLYWOOD AVENUE,1,178,80561
OLYMPIC,1,233,63236
PALACE 1,5,761,26198
SALLE DES TEMPLIERS,1,118,26198
NEF 7,7,627,26198
SALLE DES LOISIRS,1,325,78420
LA CANE,1,255,35188
CINEMA JEAN GABIN,1,188,5085
LE CYRANO,1,329,91421
LE CINE,1,133,17241
VOX,1,189,24291
JACQUES BREL,1,274,78423
CENTRE PICASSO,1,378,95424
MONTJEAN CINEMA,1,155,49212
PALACE 1,5,665,3185
CINEMA LUX,1,96,55351
CHARLIE CHAPLIN,1,158,73171
LE DON CAMILLO 1 (EX-MONTMIR,2,304,51380
BARBEZIEUX JEHAN VENTHENOT,1,199,16028
LE MONTMORELIEN,1,92,16230
MAJESTIC,1,192,86165
 SALLE D'ANIMATION RURALE,1,0,26208
DIAGONAL CAPITOLE 1,6,1046,34172
UTOPIA DIAGONAL CAMPUS 1,2,210,34172
ROYAL 1,5,1123,34172
GAUMONT COMEDIE 1,8,1113,34172
GAUMONT MULTIPLEXE 1,17,3919,34172
CINEMA NESTOR BURMA,1,112,34172
SALLE POLYVALENTE,1,0,7189
CINE SELECT,1,202,81182
VARIETES,1,200,31390
MELIES 1,3,511,93048
THEATRE DE MONTREUIL-SUR-MER,1,204,62588
LE REGENT,1,195,41151
FORUM,1,315,73173
CINE MONTROUGE,1,162,92049
ARIEL,1,278,76451
MAJESTIC,1,290,53161
RUITOR 1,2,291,73176
CINELOISIRS,1,441,40197
LE DAUPHIN,1,204,38261
SALLE DES FETES,1,0,80570
CASINO 1,2,327,39368
RIALTO 1,3,697,29151
LA SALAMANDRE,1,146,29151
CINEMA JEAN CARMET,1,298,69141
ETOILE,1,153,61293
LE PARIS,1,120,25411
ATALANTE,1,340,25411
LE COLIBRI,1,295,74191
REX,1,300,74191
PORTE SOLEIL1,2,545,74191
PLEIN AIR LE CHATEAU,1,200,6084
STRADA 1,3,516,6084
LES CINEMAS DE MOULINS 1,9,1118,3190
LE GABIZOS,1,191,64410
REX 1,2,263,73181
SALLE DES FETES,1,200,8311
ENTRACTE,1,192,40201
STUDIO BEL AIR,1,126,68224
KINEPOLIS 1,14,4533,68224
LE PALACE 1,8,854,68224
SIMONE SIGNORET,1,252,72213
L'ESPACE CULTUREL SAINT GREG,1,247,68226
ARVERNE,1,100,15138
FREDERIC DARD - CLUB A,2,360,78440
LE THEATRE 1,2,505,38269
JEAN MERMOZ,2,215,31395
SALLE NOTRE DAME,1,141,24299
ROHAN,1,226,67313
SALLE JEANNE D'ARC,1,186,56143
U G C SAINT JEAN 5,6,1304,54395
CAMEO SAINT SEBASTIEN 2 (EX-UGC SAINT SEBASTIEN 2),4,1062,54395
CAMEO 1,4,450,54395
FORUM,1,163,54395
KINEPOLIS NANCY 1,10,2644,54395
LA BERGERIE,1,132,77327
LES LUMIERES SALLE 1,4,660,92050
GAUMONT 1,12,1962,44109
KATORZA 2,6,932,44109
CONCORDE 1,4,287,44109
BONNE GARDE,1,341,44109
LE CINEMATOGRAPHE,1,162,44109
CLUB,1,298,1269
MEGA CGR 1,9,1258,11262
LE CINEMA SCENE NATIONALE DE NARBONNE,1,260,11262
MELIES 1,3,641,77333
LE MARGOT,1,236,47195
LE VIKING,1,378,27428
SCALA,1,190,88321
CINEMA 2001,2,332,62604
NORMANDY,1,227,76462
LA FAUVETTE,1,146,93049
LE VILLAGE 1,2,500,92051
CINEMOBILE SUD,1,100,41159
LE PARADISIO,1,144,19148
LE MAJESTIC,1,134,86177
REX 1,2,276,69143
CINE MAZARIN 1,10,1816,58194
RIALTO 4,5,704,6088
VARIETES 1,7,1133,6088
PATHE MASSENA 1,7,1366,6088
JEAN VIGO,1,149,6088
THEATRE LINO VENTURA,1,652,6088
MERCURY 3,3,174,6088
PATHE LINGOSTIERE 1,13,2816,6088
PATHE PARIS 1,5,979,6088
FORUM 1,4,464,30189
SEMAPHORE 1,5,389,30189
FORUM KINEPOLIS 1,12,2928,30189
STUDIO 2,2,893,79191
MEGA CGR 1,12,2052,79191
CINE MARILYN,1,226,62617
NOGARO CINE,1,296,32296
REX 1,3,481,28280
ROYAL PALACE01,6,1077,94052
LUMIERE SALLE MICHEL PICCOLI,2,228,10268
LE FOYER,1,181,42159
MIMOSA 1,2,543,85163
LA FERME DU BUISSON SALLE 1,2,358,77337
UGC CINE CITE 10,10,1797,93051
LE BIJOU 1,3,416,93051
CINEMA LOUIS DELLUC,1,169,24311
CINEMA PARADISIO EX SAINT MI,1,230,44110
COLOMBIER 1,3,725,76476
YOLES,1,400,85164
COMPLEXE CULTUREL OESIA,1,500,37172
CINE SOLOGNE,1,200,41161
L EDEN,1,161,13066
SALLE COMMUNALE,1,200,49228
PARADISIO 1 (EX-PALACE A),3,465,60471
LE NOZEK,1,210,44113
CINE NUITON,1,252,21464
ARLEQUIN,2,284,26220
SALLE ADALRIC,1,173,67348
ESPACE ARAGON,1,198,76484
SALLE DU TISSAGE,1,100,7167
LUXOR 1,3,429,64422
SALLE LES CHAVANNES,1,150,74205
FORUM 1,3,283,84087
LE CERCLE,1,186,68249
POOM 1,2,258,5096
PATHE PLACE D'ARC 1,6,1379,45234
LES CARMES 1,3,521,45234
PATHE ORLEANS 1,9,1922,45234
SALLE ARAGON,1,388,94054
CENTRE CULTUREL,1,373,94055
ELDORADO,1,155,25434
L'UBAC,1,255,5098
CINEDORI,1,186,60482
SALLE JACQUES TATI (BOUVECHE,2,279,91471
STUDIO CINEMA DE L'AMICALE,1,138,64430
LE PUIGMAL,1,255,66130
MICHEL CABIEU,1,352,14488
THEATRE DE LA RENAISSANCE,1,437,69149
JEAN RENOIR,2,228,1283
ATMOSPHERE 1,3,479,1283
PIERRE BRASSEUR,1,171,77350
CINE BREIZ,1,196,22162
REX,1,252,56152
CINEPAL 1,4,545,91477
LE NAUTILUS,1,212,34192
REX,2,275,9225
BEAUSEJOUR,1,148,42165
CINE 104 SALLE 1,3,457,93055
SALLE DES FETES,1,314,91479
EMPIRE 1,2,330,71342
FOYER 1,2,356,79202
LE MELIES 1,2,412,64445
CGR SAINT LOUIS 1,7,1148,64445
MEGA CGR 1,12,2570,64445
EDEN,1,283,33314
SALLE DES FETES,1,0,34194
ESPACE DES ARTS,1,329,93057
REX 1,3,360,38298
CINEPILAT,1,164,42168
ECKMUHL,1,235,29158
SALLE CTRE CULTUREL COMMUNAL,1,126,13070
PATHE 1,16,3612,13071
LE DAHUT,1,251,6094
CAP CINEMA 1,10,1864,24322
PICARDY 1,2,384,80620
CASTILLET 1,7,626,66136
CINEMOVIDA MEGA CASTILLET 1,14,2609,66136
CENTRE DES BORDS DE MARNE,1,198,94058
ETOILE DES NEIGES (EX SALLE POLYVALENTE),1,146,73198
LES BALADINS,2,437,22168
J.EUSTACHE. CHAPLIN 1,5,803,33318
LE CLUB,1,200,87117
MOLIERE,1,242,34199
LE CLUB,1,160,57540
MEGARAMA PIAN MEDOC 1,6,1084,33322
MAISON DU  PEUPLE,1,88,69152
FOYER JEUNESSE ET CULTURE,1,100,83091
LE CINEMA 1,2,291,26235
LE COTENTIN,1,156,50403
PITHI CINE (EX-LE MAIL),1,220,45252
L EUROPE,1,181,32319
ECRAN 7-1,1,270,31424
SELECT,1,100,70414
SALLE DES FETES,1,350,15153
 L'HERMINE,1,192,35223
CASINO DU VAL ANDRE,1,600,22186
SALLE GERARD PHILIPE,1,190,92060
ESPACE PAUL VALERY,1,340,94059
DOURON,1,214,22194
CINE ARMOR,1,196,35228
CINELAC 1,5,794,56165
ESPACE BERLIOZ,1,400,88351
CINEMA LE DAUPHIN,1,358,29185
IMAGES,2,237,29189
LE DAUPHIN,1,169,29190
LE CITHEA,1,177,22219
C2L1,5,983,78498
TAP CASTILLE 1,3,459,86194
CGR CASTILLE 6,8,1178,86194
LE DIETRICH,1,141,86194
TRIANON,1,220,80630
CINE COMTE,1,212,39434
CHATEAU DE PLUVY,1,100,69155
SALLE SAINT MARTIN,1,331,49244
LE VAUBAN 1,2,234,17283
SALLE MJC,1,50,21496
CONCORDE 1,2,283,54431
OLYMPIA 1,4,501,25462
ROYAL 1,3,589,27467
APOLLO 1,2,295,77373
JEAN RENOIR,1,288,38314
LA BOBINE,1,129,44129
LE DIAMANT,1,169,38315
VARIETES 1,5,749,38316
LE FOYER,1,100,25463
VOX CINE,1,222,66145
REX 1,4,722,56178
CINEMA LE CONCORDE,1,169,14514
ROYAL UTOPIA,1,272,95500
GRAND ECRAN,1,220,40230
PALACE 1,2,322,60509
ARIANE ASCARIDE,2,188,30202
THEATRE LE STRAPONTIN,1,199,56179
THEATRE DES DAMES,1,92,49246
SALLE RENE TARROT,1,100,72243
CAMPING MUNICIPAL,1,150,33333
CINEMA SAINT GILLES,1,313,44131
ST JOSEPH,1,185,44131
LE MELIES,1,155,13077
LE TRAIN CINEMA,1,117,26252
SALLE GERARD PHILIPPE,1,239,13078
LE VAUBAN,1,233,66148
SALLE DE CINEMA,1,0,40233
SALLE DES FETES,1,300,58215
CINEMA PAX,1,230,44135
L'ECHIQUIER,1,154,85182
LIDO,1,189,66149
L ESPACE DES ARTS,1,199,83098
LE PARC,1,150,73206
LE NOUVEAU PALACE,1,157,66150
CINEMA LOUIS MALLE,1,250,46225
ATLANTIQUE,1,268,44136
VIVARAIS 2,3,346,7186
THEATRE DE PROPRIANO,1,400,2A249     
LE REXY 1,4,570,77379
EXCELSIOR,1,225,2B251     
SALLE POLYVALENTE,1,100,83100
UGC CINE CITE LA DEFENSE 1,16,3642,92062
LE CENTRAL 1,2,480,92062
CINE DYKE 1,6,1151,43157
JEAN MARAIS,1,195,5110
PAX,1,208,80649
IRIS,2,334,56184
CINE CAP VERT 1,12,2393,21515
CINE,2,262,56186
LE FAMILIA,1,210,11304
ARCADES 1,6,791,29232
LE QUAI DU DUPLEIX (EX CHAPEAU ROUGE),2,220,29232
LA BOBINE,1,278,29233
LE ROCHONEN,1,200,22262
LA HALLE,1,99,81220
VOX ODEON,2,352,78517
THEATRE LE NICKEL (EX-CAC NI,1,234,78517
L'AUTAN,1,214,31446
THEATRE MUNICIPAL,1,403,88372
MANIVEL,5,737,35236
SALLE POLYVALENTE,1,0,83102
LA CASTINE,1,411,67388
MAISON POUR TOUS,1,200,74220
GAUMONT 1,7,1541,51454
OPERA 1,5,552,51454
LE FRANCE 1,2,374,88383
VOX,1,218,53188
CENTRE CULTUREL LE RALLYE,1,293,35238
ARVOR SALLE PAULETTE DUBOST,2,373,35238
SALLE LOUIS JOUVET T.N.B.,2,217,35238
CINEVILLE COLOMBIER 3,6,1239,35238
GAUMONT 1,13,2800,35238
REX,1,249,33352
LA MAISON POUR TOUS,1,88,12197
THEATRE LOUIS JOUVET,1,192,8362
LE RESTERIA,1,210,35239
REX,1,100,43162
CINE GET,1,193,31451
RICHELIEU 1,2,285,50433
CINEMA ST PAUL,1,425,44143
REX,1,190,68269
MAX LINDER,1,314,24352
MAJESTIC,1,246,37196
SALLE DE CINEMA ET DE SPECTACLES VIVANTS,1,239,12198
CINE RILLIEUX,1,120,69286
LUX,1,195,63300
CINEMA Z,1,99,40243
ALPHA,1,183,15162
CINOCHE 1 - JEANNE MOREAU 1,3,707,91521
CINOCHE 4 - JEAN-LOUIS BARRA,1,291,91521
CINEMA DE LA FORET BLANCHE 1,2,308,5119
CINE CHAPLIN,2,384,42186
MEGA CGR 1,12,2143,66164
CINE-RELAIS LA PASSERELLE (E,1,224,68278
ESPACE RENOIR 1,2,429,42187
GRAND PALAIS 9 (EX1),9,1919,42187
LE PARC,1,258,74224
COURONNE,1,208,56195
LE CLUB,1,167,24354
APOLLO 1,5,722,17299
LA HALLE AUX GRAINS,1,130,16281
CGR OLYMPIA 1,3,777,17300
LA COURSIVE SALLE BLEUE,2,1280,17300
CGR DRAGON 1,6,1024,17300
MEGA CGR 1,12,2421,17300
LE KERLOUET,1,233,86207
SALLE DU CHATEAU,1,50,16282
CLUB 2,3,564,12202
ROYAL 1,4,679,12202
LA GRANGE,1,192,77390
LE TRIANON,1,436,93063
CINE PLANETE 1 (EX DAUPHIN),5,613,26281
CINE LUMIERE 1,3,462,26281
KORRIGAN,1,209,35245
MARCEL CARNE,3,698,10323
CVL PALACE 1,3,488,41194
GERARD PHILIPPE,1,137,59508
PLEIN AIR DES BAUX,1,172,83107
LE MOULIN DE ROQUES,1,230,31458
SAINTE BARBE,1,200,29239
LE FOYER,1,292,7199
UGC CINE CITE ROSNY 1,15,3324,93064
ESPACE GEORGES SIMENON,1,229,93064
CINE BREIZ,1,227,22266
LE DUPLEXE 1,9,1590,59512
LE MELVILLE,4,724,76540
OMNIA REPUBLIQUE 1,7,1345,76540
UGC CINE CITE 1,14,2535,76540
PATHE DOCKS 76  1,14,2997,76540
SALLE POLYVALENTE,1,112,4172
QUINSONNET 1,2,291,39470
LIDO 1,2,551,17306
ABC 1,2,388,17306
ARIEL 1,3,689,92063
CENTRE CULTUREL EDMOND ROSTA,1,150,92063
ARIEL HAUTS DE RUEIL 1,3,688,92063
FAMILLY,2,271,16292
LE CONCORDE,1,268,74225
LE FOYER,1,179,7201
LE GRAND PALACE 1,5,798,85194
PALACE CARNOT,1,500,72264
CENTRE CULTUREL JOEL LE THEU,1,655,72264
L'ESTRADE,1,103,40246
CULTURE ET LOISIRS,1,94,66167
LE STRAPONTIN,1,200,69171
SALLE DES FETES,1,110,76551
GALLIA THEATRE,2,520,17415
ATLANTIC CINE 1,7,1012,17415
TOMETTE,1,172,83121
LE SALEYS,1,142,64499
L ABREUVOIR,1,149,21579
CINE MONT BLANC 1,8,1350,74256
CONCORDE 1,2,430,5161
LE 7ÈME ART,1,162,33498
CLUB 1,2,472,13103
ARCADES 3,6,838,13103
FOYER RURAL,1,190,32410
CRIOU,1,304,74258
A B C,1,234,83123
CYRANO,1,307,95582
AGORA CINE,1,426,59553
PATHE SARAN 1,9,1975,45302
CINEMA SOLENZARA,1,200,2A269     
REX 1,4,839,24520
LORRAIN 1,3,479,57630
FORUM 1,8,1394,57631
FRANCOIS TRUFFAUT,1,160,2A272     
ABC SALLE A,3,619,78586
LE RICHEMONT,1,318,56240
ETOILE CINEMA,1,151,21584
PALACE 1,6,943,49328
CENTRE MULTIMEDIA,1,189,9282
LE CUBIC 1,2,412,67437
ESPACE PREVERT,1,390,77445
TRIANON,1,270,92071
TURENNE 2,3,450,8409
REX,1,212,61464
YVES ROBERT,3,375,49331
SELECT 1,3,594,67462
LE STUDIO,1,123,41242
ETOILE CINEMA,1,124,21603
JEANNE D ARC,1,227,60612
L'AMBIANCE,1,306,28373
REX 1,2,317,89387
VOX 1,2,384,89387
GRAND ECRAN,1,158,57647
SALLE NOTRE DAME,1,270,70489
LE COMOEDIA 1,3,603,34301
39 MARCHES 1,4,483,93071
S E L (SEVRES ESPACE LOISIRS,1,380,92072
SALLE GUILLAUME APOLLINAIRE,1,200,83126
AUDITORIUM,1,277,74268
LE CONDATE,1,128,74269
SEZ'ART - J.J.ANNAUD,2,319,51535
LES CORBIERES,1,218,11379
PETITE SALLE DES FETES,1,0,38490
SALLE DES FETES,1,0,74272
REX 1,2,225,4209
CINEMA DAUDET,1,159,83129
CLOVIS 1,6,1249,2722
BEL ARIA,1,200,2B283     
CINEMA LE RIO,1,178,83130
SALLE COMMUNALE,1,150,83131
REX,1,192,59572
LE VENISE,2,176,30321
REX,1,390,40304
LE PARIS 1,2,344,46309
OCEANIC,1,287,33514
ATLANTIC,1,294,40310
EDEN,1,190,23176
SALLE PAUL ELUARD,1,699,93072
ODYSSEE 1,2,304,67482
VOX 1(EX-PATHE VOX 1),6,964,67482
LE STAR 1,5,529,67482
STAR SAINT-EXUPERY 1 (EX-ETOILE PLUS),5,691,67482
UGC CINE CITE 9,22,5412,67482
ESPACE JEAN-MARIE POIRIER (EX-CENTRE CULTUREL),1,205,94071
LE SULLY,1,204,45315
LE CAPITOLE 1,4,644,92073
LE PALACE,1,210,17434
LE MODERNE,2,243,12208
PETIT CASINO1,2,232,41198
LE MODERNE 1,2,226,18197
SALLE DES FETES,1,100,63314
MAGIC CINE,1,236,33366
SALLE POLYVALENTE,1,100,38359
LE QUERLYS,1,108,82155
LE CRATERE,1,439,78537
LA FABRIQUE,1,341,24372
SAINT JOSEPH,1,300,49265
MAUCLERC,2,293,35253
JOACASINO,1,179,14562
STUDIO,1,186,24376
FRANCOIS TRUFFAUT,1,205,57606
SALLE DE SPECTACLES,1,372,49267
MEGARAMA LE TREMPLIN,1,258,73227
SLE ST LOUIS,1,212,5132
CIN'ETOILE,1,145,42204
CINEJADE 1,3,465,44154
CLUB 1,6,1150,22278
ZOOM 2,1,131,72269
EDEN,1,340,22282
M J C,1,284,46251
SERRE AIGLE 1,2,170,5133
CINE LUMIERE 1,2,330,42207
LE TRIANON,1,225,33389
MAISON DU PEUPLE 2,3,417,39478
LES TROIS PIERROTS SALLE 1,2,466,92064
LES YEUX D'ELSA,1,168,78545
L ESCALE,1,292,37214
CINEMA CASINO,1,110,83112
ECRAN 1,2,398,93066
GAUMONT 1,9,1513,93066
EMPIRE 1,4,900,88413
EXCELSIOR ESPACE SADOUL,1,96,88413
CINE-QUAI 1,7,1122,52448
ESPACE DES COLLINES,1,232,26301
LA VENCE SCENE,1,211,38382
LE ROYAL 1,7,1126,42218
GAUMONT 1,10,1987,42218
L'ATALANTE,2,477,42218
LE MELIES 1,4,630,42218
MONTLUC CINE,1,241,44158
LE RIOUNET,1,250,6120
ESPACE CULTUREL LES 26 COULEURS,1,222,77407
RIO,1,286,18207
FOYER MUNICIPAL,1,152,89068
CINE GLONNE,1,192,49276
DELTA 1,2,251,15187
CINEMA LA BRECHE,1,427,33402
MAISON JEANNE MOURGUET,1,124,69202
FANNY,1,206,73235
LE COLISEE,1,205,42222
LE REGENT 4,5,766,31483
ESPACE JULES VERNE,1,221,42224
LE PERRAY 2,4,728,91549
LINO VENTURA,1,127,31484
EVEIL CINEMA,1,204,12224
JEANNE D'ARC,1,282,17331
ESPACE CULTUREL,1,301,69204
L'ATMOSPHERE SALLE A. PREJEA,1,147,73236
LE RELAIS,1,192,17333
JULIEN MAUNOIR,1,157,35271
FOYER RURAL,1,100,48155
C 2 L 1,5,742,78551
CINEMARINE 1,4,763,85222
MAX LINDER,1,298,9261
ERMITAGE,1,281,2680
LES TOILES OLYMPIC,3,487,95555
LUTETIA,1,288,44162
UGC CINE CITE ATLANTIS 12,12,2462,44162
LE TIGRE,1,280,85223
REX,1,395,50484
LA VENISE VERTE,1,251,79257
SELECT CINE,1,179,58246
EDEN (SALLE DE L'AUMONERIE),1,174,17347
LES AIGUILLES,1,218,73242
LE SAINT JEAN,1,285,38399
LE SELECT 1,4,684,64483
STAR,1,265,73248
CINE MONTS,1,361,85234
LE VAUBAN,1,300,64485
SUPERDEVOLUY CINEMA,1,200,5139
CINE LAUDON,1,92,74242
LE SELECT,1,290,40266
CINEMA ROUGE ET NOIR,1,123,74243
KINEPOLIS 13,14,4058,57616
SALLE DES FETES,1,0,42246
CINE BOURSE 1,2,328,87154
JEANNE MOREAU,1,200,60581
FAMILY,4,794,42279
LE LARY 1,2,336,65388
LES TRAVAILLEURS SYNDIQUES,1,176,66179
LE SAINT LAURENT,1,326,65389
LE CARTUS,1,187,38412
REX,1,192,87161
ART CINE,1,50,47252
L'UTOPIE,1,119,47252
CINEMOVIKING1,9,1344,50502
LA COUPOLE,3,491,68297
SALLE FRANCOIS MITTERRAND (EX SALLE DES FETES),1,192,70467
FAMILIA,1,203,35287
ESPACE BORIS VIAN,1,202,49301
LE VAUBAN 3,5,872,35288
MALOUINE,1,150,44176
CINEMA MARC BARON,1,150,83153
LES MELIES 1,2,330,38416
SALLE J D ARC,1,220,44180
GAZTEN ETXEA,1,88,64490
LAC BLANC,1,180,73257
LES BRUYERES 1,2,344,73257
LES FLOCONS,1,290,73257
SALLE DE REUNION COMMUNALE,1,25,38419
LE GALET 2,1,134,13097
MON CINE,1,166,38421
CINEMA PARADISO 1,2,299,69227
SALLE JEAN GABIN,1,0,6127
LE LIDO,1,425,94068
LES 4 DELTA 4,4,1001,94068
SALLE PATRICE LECONTE,1,140,37226
ROYAL 1,2,274,54482
CINEMAS MARCEL PAGNOL SALLE 1,3,450,83115
SALLE DE CINEMA DU POLE CULTUREL,1,140,83116
CINE JALLES 1,3,1054,33449
CELTIC 1,2,307,35297
LE KAPITTEL,1,101,51507
ESPACE CULTUREL LE SAVOIE,1,187,73261
SLE ST MICHEL,1,190,44182
SALLE A,3,442,91570
SALLE DES FETES,1,0,82168
JACQUES TATI,1,151,44184
CINEVILLE 1,9,1986,44184
CINE PRESQU'ILE,6,1029,44069
MORIANINCU,1,260,2B313     
OCINE 1 (EX LE NOUVEAU REX 1,8,1481,62765
VOX,1,176,80711
UTOPIA 1,5,513,95572
CINEMA FLOREAL,2,683,93070
SAINT LOUIS,1,204,64493
LE SURF,1,195,17380
CINEMA LE MIDIC,1,99,13099
FOYER RURAL,1,172,66187
SALLE DES FETES,1,0,7280
7 EME ART,1,193,26324
CINE PHIL',1,228,44188
LE FLORE,1,300,73270
CENTRE CULTUREL COMMUNAL,1,365,37233
AIGLON,1,155,53246
ELDORADO 1,3,630,17385
REXY,1,144,14654
MAJESTIC,1,331,29259
LE REGENCY,1,140,62767
CINE STAR,1,100,34284
LE SCENARIO  1,2,395,69290
ARLETTY  EX  LE THEATRE,1,167,22325
CINE QUAI 1,11,1927,2691
CINE PALACE,1,190,13100
LE BRETAGNE,1,300,29260
MEGA CGR 1,12,2144,72320
FLORIDA,1,188,17397
MEDIA 7,1,200,40282
CIN ETOILES,1,208,43224
FOYER RURAL,1,200,18235
CENTRE SOCIO-CULTUREL,1,131,77437
SEJEFY'S,1,167,81271
FOYER 1,2,376,69238
CASINO,1,300,17411
LA RENAISSANCE,1,220,83119
LE CINEMATOGRAPHE,1,295,4197
CASINO MUNICIPAL,1,189,76655
CINE  GALAURE 1,2,354,26333
GRAND ECRAN,1,286,40284
AREVI 1,2,264,87187
NOUVEL ESPACE CULTUREL,1,150,42305
CENTRE CULTUREL COMMUNAL LE,1,277,42305
GAUMONT 1,11,2293,33522
MANOIR,1,328,85288
SAVOY,1,260,69243
CINEMA JACQUES PERRIN 1,2,357,69243
CENTRE MULTIMEDIA,1,200,9306
REX 1,2,336,13108
MEGA CGR 1,11,2049,65440
MEGA CGR 1,12,2567,40312
LE LEM,1,245,69244
STUDIO 207 1,2,328,95607
REGAIN 1,2,220,7319
MODERN CINE,2,296,59586
CINE TENCE,1,172,43244
LE BEGO,1,235,6163
CASINO 1,2,498,2738
CINE ROC,1,228,24547
GRAND ECRAN 1,8,1295,33529
RELAIS CULTUREL REGIONAL,2,536,68334
ST LOUIS,1,221,61484
PATHE BELLE EPINE 4,16,3679,94073
MONACO 1,3,457,63430
GAUMONT 1,12,2223,51569
VARIETES 1,2,332,88468
SCALA 1,2,234,57672
KINEPOLIS 1,10,2844,57672
LE CLAIR,1,173,24551
AGORA 1,2,333,69248
LE ROC,1,193,74279
EDELWEISS,1,189,74280
LE FRANCE 1,3,412,74281
CINE LEMAN 1,8,1392,74281
LE PARNAL (EX LA TRACE),1,135,74282
FAMILIA,1,235,79329
FOYER,1,270,59592
LE NORMANDY,1,213,14689
CINEMA 1,2,282,73296
LE NORMANDY,1,280,61486
CINE PASSION,1,200,24553
CINEMA REX,1,173,17448
REX 1,2,320,47310
CINEMA THEATRE,1,141,89418
MEGA CGR 1,16,2974,77468
LUX,1,101,89419
CITEA (EX-CINE CLAIR),1,246,54528
LE ROYAL 1,3,386,83137
ESPACE COMOEDIA,1,221,83137
SALLE DES FETES,1,100,66213
UGC 1 (EX UGC VARIETES 1),9,1554,31555
A B C SALLE A,3,396,31555
UTOPIA 1,3,436,31555
LE CRATERE,1,79,31555
LE METRO EX CINEMA ALBAN MIN,1,400,31555
GAUMONT WILSON 14,13,3226,31555
LES 3 AS SALLE 1,5,682,62826
STUDIOS DU FRESNOY 1,2,299,59599
LES ECRANS 1,5,638,59599
AUDITORIUM EXQUINOXE,1,210,38509
ESPACE SAINT MICHEL,1,300,31028
UTOPIA 1,4,462,31557
FOYER,1,268,36224
CINE THEATRE 1,2,287,7324
PALETTE,1,219,71543
STUDIO URSULINES 1,7,1091,37261
MEGA CGR 2 LIONS 1,12,2408,37261
MEGA CGR CENTRE 1,8,1898,37261
AGNES VARDA 1,2,266,85294
SALLE JEAN RENOIR,1,218,78621
CINELAND 1,9,1604,22360
LE CRISTAL,1,259,17452
JACQUES TATI 1,3,569,93073
JOACASINO,1,364,76711
LE CASINO,1,240,13110
L'ETOILE,1,228,86273
CINE CITY 1,10,2126,10387
PALACE 1,5,647,19272
PARADISO,1,106,38517
ATLANTIC,1,160,44211
CHANTECLER,2,615,73303
STUDIO  DES CHAMPS LASNIERS,1,227,91692
UGC LES ULIS 1,4,600,91692
LE QUARTO (EX SALLE VACHON),1,386,42316
LE LUMIERE,1,200,31561
LE CARNOT 1,2,491,19275
CINEMA DE PRA LOUP,1,203,4226
CINEMA LOUIS JOUVET,1,187,19276
CAPITOLE 1,3,510,30334
L'ENTR'ACTES,1,183,88486
LES VARIETES,1,311,77479
FLORIAN 1,2,217,84137
SOPHIA ANTIPOLIS,1,230,6152
LES VISITEURS DU SOIR,1,230,6152
CINE PAX,1,241,25578
LES ARCADES 1,2,242,27701
VAL 1,2,518,73304
APOLLO,1,148,82186
NAVIRE 1,5,764,26362
LUX 1,2,424,26362
PATHE 1,12,2343,26362
GAUMONT 1,15,3710,59606
SLE H VERNEUIL,1,133,83144
LE CEP,1,282,44212
LES GENTIANES,1,338,73306
LES GENTIANES,1,334,73306
SALLE POLYVALENTE,1,112,73307
CINEMA VALMEINIER 1800 - SALLE 1,2,274,73307
TRIANON,1,340,50615
PALAIS DE LA MER,1,204,34324
REX,2,807,84138
CINE CASINO 1,2,218,7331
GARENNE 1,5,813,56260
CINEVILLE PARC LANN 1,7,1660,56260
CENTRE DE LA CULTURE,1,311,7334
LE VANVES,1,192,92075
CINEMA CONFLUENCES 1,6,1160,77482
LE MELEZE 1,2,188,5177
LE NORMANDY 1,2,307,92076
LE SCHUSS,1,160,38529
LES AMPHIS,1,177,69256
PATHE CARRE DE SOIE 1,15,3669,69256
L'ANTARES 3,2,217,95637
LA GRANGE,1,285,77487
FOYER RURAL,1,200,46330
UGC VELIZY 6,7,962,78640
CASINO 1,2,281,6157
CINE VENDOME 1,5,900,41269
CINEMA GERARD PHILIPE 1,3,473,69259
LE SLALOM 1,2,280,38534
MJC DE VERDUN SUR GARONNE,1,98,82190
MAJESTIC 1,4,517,55545
CINEMA THEATRE TRIANON,1,172,27679
ESPACE MAURICE BEJART,1,312,78642
THEATRE 1,4,836,27681
CENTRE CULTUREL,1,250,7129
LE COLOMBIER,1,378,91645
CYRANO A,8,1562,78646
ROXANE 4,4,767,78646
CINE VAILLANT,1,195,44215
PICCOLI PICCOLO,1,149,2789
CINEMA JEAN MARAIS,1,199,78650
CLUB 6 (EX SALLE FRANCOIS VI,1,370,70550
LE REX ANAIS AUBERT,1,97,76735
LES VARIETES,1,159,5179
CINEVIC,1,110,65460
ETIENNE CHATILIEZ,1,230,32462
U SAMPIERU,1,300,2A348     
AMPHI 1,8,1437,38544
ALBRET,1,436,40328
LE PALACE,1,371,30350
CINE'FIL,1,204,49373
ESPACE ARAGON SALLE N° 1,2,528,38547
REX I,2,419,38548
LA TRACE,1,94,74301
ARIANE,1,204,73318
FAMILIAL,1,163,1443
SALLE PIERRE MARTIN,1,609,94077
LE REX,1,240,50639
FELLINI 01,4,600,38553
LA CITADELLE PLEIN AIR.,1,0,6159
CINE BOR,1,162,31582
VOX 1,2,305,12300
EDEN 1,3,578,69264
REX 2,3,573,69264
LES 400 COUPS SALLE 1,3,383,69264
CINEMA D'ART ROMAIN ROLLAND,1,616,94076
MEGA CGR 1,15,3271,33550
LE KINO CINE (EX-KINO),1,316,59009
LE MELIES,1,167,59009
UGC CINE CITE 1,12,2835,59009
ANDRE MALRAUX,1,212,92078
ESPACE CULTUREL,1,448,94077
SUD-EST THEATRE,1,340,94078
CYRANO 1,3,652,47323
CLUB 80 1,2,217,2810
CINEMA DE CASINO,1,229,14754
RIO,1,127,54580
THEATRE BONNETERRE,1,350,69266
ZOLA,1,240,69266
LE CASINO,1,220,94079
CINEMA SORANO,1,204,94080
VINCENNES 1,4,481,94080
LE MOULIN DE SAINT ANDRE,1,113,83150
CINEMA FOYER,1,206,42334
LE BASSELIN 1,2,835,14762
CALYPSO A,3,668,91687
SALLE DES FETES,1,130,84150
AURORE CINEMA,3,500,35360
LES LUMIERES 1,3,399,13117
PIERRE BRASSEUR 1,3,465,51649
ROBESPIERRE 1,3,509,94081
ALHAMBRA,1,313,88516
JEU DE PAUME,2,420,38562
PASSRL LES ECRANS 1,3,389,38563
PASS R L 1,6,1076,38563
ART ET PLAISIRS,1,300,38565
SALLE DU COLLEGE,1,120,86298
LES TOURELLES 1,2,378,8490
SALLE DES FETES,1,0,2827
SALLE POLYVALENTE,1,150,44219
SALLE GERARD PHILIPE,1,502,59646
M.J.C.,1,0,67538
GERARD PHILIPE,1,240,68376
SALLE MICHEL BONNET,1,100,57751
CINEVOX,1,182,15265
CINEMA PARADISO,1,214,91691
CINEMA GRENETTE 1,2,252,43268
DRAKKAR 1,4,712,76758
A RUSCANA,1,250,2A362     
MEGARAMA 1,18,3728,92078
PATHE ATLANTIS 1,14,2985,44162
MEGA CGR 1,15,3297,69027
LOUIS NODON,1,200,7338
LE PALMYR,1,200,17225
CENTRE CULTUREL,1,298,2A247
TICKY HOLGADO,1,201,31066
ESPACE LUMIERE,1,258,42011
LE QUAI DES ARTS,1,145,42318
CINEVAL,1,196,69255
CINEVILLE 1,9,2014,85191
LE CONCORDE 1,2,294,85191
MELIES 1,3,524,38185
CINE LIBERTE 1,9,1605,83137
MEGA CGR 1,12,1991,34336
MAJESTIC PALACE 1,9,1741,13056
UGC CINE CITE 10,12,2858,94028
ETOILE PALACE 1,7,1012,3310
UGC CINE CITE SQY OUEST 1,16,3612,78423
MEGARAMA 1,10,1880,25031
CINE FESTIVAL 1,3,595,1004
MAJESTIC - ESPACE DES LUMIER,10,1961,70550
MEGA CGR CENTRE 1,7,1096,64102
CINE LUMIERE 1,7,1191,18279
OCINE 1,9,1744,59392
CAP CINEMA 1,10,1958,82121
LES TOILES DU LAC 1,8,1480,73008
MEGA CGR 1,12,2458,68066
CINEVILLE 1,9,1792,44190
UGC CINE CITE CONFLUENCE 10,14,3464,69123
AMPHI 1,9,1938,1053
CAPITOLE STUDIO 1,11,2237,84092
CINEMAS LIDO 1,7,1318,83118
PATHE CHAMBERY LES HALLES 1,10,1611,73065
CINEVILLE 1,10,1987,29232
